{"cameraMode":{"drawMode":0,"name":"Shaded","section":"Shading Mode"},"sceneLighting":true,"audioPlay":false,"sceneViewState":{"m_AlwaysRefresh":false,"showFog":true,"showSkybox":true,"showFlares":true,"showImageEffects":true,"showParticleSystems":true,"showVisualEffectGraphs":true,"m_FxEnabled":true},"in2DMode":false,"pivot":{"x":615.4440307617188,"y":363.77227783203127,"z":578.3384399414063},"rotation":{"x":-0.03268425911664963,"y":0.0044930255971848969,"z":0.00014679619926027954,"w":0.9994584321975708},"size":549.5603637695313,"orthographic":false}